url_path,views_total,views_unique
/peff74/ESPxStorEase,20,1
/peff74/ESP8266-ESP32-Web-File-Upload-ESPxStorEase,12,2
/peff74/ESPxStorEase/edit/main/README.md,5,1
/peff74/ESP8266_ESP32_Web_File_Manager,4,2
/peff74/ESPxStorEase/blob/main/ESP32_Web_file_manager.ino,4,1
/peff74/ESPxStorEase/blob/main/README.md,4,1
/peff74/ESPxStorEase/upload,3,1
/peff74/ESPxStorEase/upload/main,3,1
/peff74/ESP8266-ESP32-Web-File-Upload-ESPxStorEase/actions/workflows/github-repo-stats.yml,2,1
/peff74/ESP8266-ESP32-Web-File-Upload-ESPxStorEase/compare/github-repo-stats,2,1
